시간,로봇,목적지,내용,결과,소요시간,요청
2026-08-18 15:47:51,robot_ec2b,로비,목적지 출발 → 이동 취소,취소,12초,로컬 디스플레이
2026-08-18 15:47:25,robot_ec2b,Home,목적지 출발 → 목적지 도착,성공,20초,로컬 디스플레이
2026-08-18 15:46:54,robot_ec2b,로비,목적지 출발 → 목적지 도착,성공,26초,로컬 디스플레이
2026-08-18 15:46:28,robot_ec2b,Home,목적지 출발 → 목적지 도착,성공,21초,로컬 디스플레이
2026-08-18 15:45:56,robot_ec2b,로비,목적지 출발 → 목적지 도착,성공,27초,로컬 디스플레이
2026-08-18 15:45:31,robot_ec2b,Home,목적지 출발 → 목적지 도착,성공,20초,로컬 디스플레이
2026-08-18 15:45:01,robot_ec2b,로비,목적지 출발 → 목적지 도착,성공,25초,로컬 디스플레이
2026-08-18 15:44:35,robot_ec2b,Home,목적지 출발 → 목적지 도착,성공,21초,로컬 디스플레이
2026-08-18 15:44:01,robot_ec2b,로비,목적지 출발 → 목적지 도착,성공,29초,로컬 디스플레이
2026-08-18 15:43:35,robot_ec2b,Home,목적지 출발 → 목적지 도착,성공,20초,로컬 디스플레이
2026-08-18 15:43:08,robot_ec2b,로비,목적지 출발 → 목적지 도착,성공,22초,로컬 디스플레이
2026-08-18 15:42:41,robot_ec2b,Home,목적지 출발 → 목적지 도착,성공,21초,로컬 디스플레이
2026-08-18 15:42:09,robot_ec2b,로비,목적지 출발 → 목적지 도착,성공,27초,로컬 디스플레이
2026-08-18 15:41:43,robot_ec2b,Home,목적지 출발 → 목적지 도착,성공,20초,로컬 디스플레이
2026-08-18 15:41:12,robot_ec2b,로비,목적지 출발 → 목적지 도착,성공,25초,로컬 디스플레이
2026-08-18 15:40:47,robot_ec2b,Home,목적지 출발 → 목적지 도착,성공,20초,로컬 디스플레이
2026-08-18 15:40:16,robot_ec2b,로비,목적지 출발 → 목적지 도착,성공,25초,로컬 디스플레이
2026-08-18 15:39:50,robot_ec2b,Home,목적지 출발 → 목적지 도착,성공,21초,로컬 디스플레이
2026-08-18 15:39:23,robot_ec2b,로비,목적지 출발 → 목적지 도착,성공,22초,로컬 디스플레이
2026-08-18 15:38:57,robot_ec2b,Home,목적지 출발 → 목적지 도착,성공,20초,로컬 디스플레이
2026-08-18 15:38:29,robot_ec2b,로비,목적지 출발 → 목적지 도착,성공,22초,로컬 디스플레이
2026-08-18 15:38:02,robot_ec2b,Home,목적지 출발 → 목적지 도착,성공,21초,로컬 디스플레이
2026-08-18 15:37:30,robot_ec2b,로비,목적지 출발 → 목적지 도착,성공,26초,로컬 디스플레이
2026-08-18 15:37:01,robot_ec2b,Home,목적지 출발 → 목적지 도착,성공,23초,로컬 디스플레이
2026-08-18 15:36:26,robot_ec2b,로비,목적지 출발 → 목적지 도착,성공,29초,로컬 디스플레이
2026-08-18 15:35:59,robot_ec2b,Home,목적지 출발 → 목적지 도착,성공,21초,로컬 디스플레이
2026-08-18 15:35:32,robot_ec2b,로비,목적지 출발 → 목적지 도착,성공,21초,로컬 디스플레이
2026-08-18 15:35:06,robot_ec2b,Home,목적지 출발 → 목적지 도착,성공,21초,로컬 디스플레이
2026-08-18 15:34:41,robot_ec2b,로비,목적지 출발 → 목적지 도착,성공,20초,로컬 디스플레이
2026-08-18 15:34:15,robot_ec2b,Home,목적지 출발 → 목적지 도착,성공,20초,로컬 디스플레이
2026-08-18 15:33:49,robot_ec2b,로비,목적지 출발 → 목적지 도착,성공,20초,로컬 디스플레이
2026-08-18 15:33:22,robot_ec2b,Home,목적지 출발 → 목적지 도착,성공,20초,로컬 디스플레이
2026-08-18 15:32:56,robot_ec2b,로비,목적지 출발 → 목적지 도착,성공,20초,로컬 디스플레이
2026-08-18 15:32:30,robot_ec2b,Home,목적지 출발 → 목적지 도착,성공,20초,로컬 디스플레이
2026-08-18 15:32:00,robot_ec2b,로비,목적지 출발 → 목적지 도착,성공,24초,로컬 디스플레이
2026-08-18 15:31:34,robot_ec2b,Home,목적지 출발 → 목적지 도착,성공,20초,로컬 디스플레이
2026-08-18 15:31:04,robot_ec2b,로비,목적지 출발 → 목적지 도착,성공,24초,로컬 디스플레이
2026-08-18 15:30:38,robot_ec2b,Home,목적지 출발 → 목적지 도착,성공,20초,로컬 디스플레이
2026-08-18 15:30:05,robot_ec2b,로비,목적지 출발 → 목적지 도착,성공,27초,로컬 디스플레이
2026-08-18 15:29:39,robot_ec2b,Home,목적지 출발 → 목적지 도착,성공,20초,로컬 디스플레이
2026-08-18 15:29:13,robot_ec2b,로비,목적지 출발 → 목적지 도착,성공,20초,로컬 디스플레이
2026-08-18 15:28:47,robot_ec2b,Home,목적지 출발 → 목적지 도착,성공,20초,로컬 디스플레이
2026-08-18 15:28:17,robot_ec2b,로비,목적지 출발 → 목적지 도착,성공,24초,로컬 디스플레이
2026-08-18 15:27:51,robot_ec2b,Home,목적지 출발 → 목적지 도착,성공,20초,로컬 디스플레이
2026-08-18 15:27:21,robot_ec2b,로비,목적지 출발 → 목적지 도착,성공,24초,로컬 디스플레이
2026-08-18 15:26:55,robot_ec2b,Home,목적지 출발 → 목적지 도착,성공,21초,로컬 디스플레이
2026-08-18 15:26:26,robot_ec2b,로비,목적지 출발 → 목적지 도착,성공,24초,로컬 디스플레이
2026-08-18 15:26:00,robot_ec2b,Home,목적지 출발 → 목적지 도착,성공,21초,로컬 디스플레이
2026-08-18 15:25:29,robot_ec2b,로비,목적지 출발 → 목적지 도착,성공,26초,로컬 디스플레이
2026-08-18 15:25:04,robot_ec2b,Home,목적지 출발 → 목적지 도착,성공,20초,로컬 디스플레이
2026-08-18 15:24:27,robot_ec2b,로비,목적지 출발 → 목적지 도착,성공,31초,로컬 디스플레이
2026-08-18 15:24:01,robot_ec2b,Home,목적지 출발 → 목적지 도착,성공,20초,로컬 디스플레이
2026-08-18 15:23:32,robot_ec2b,로비,목적지 출발 → 목적지 도착,성공,23초,로컬 디스플레이
2026-08-18 15:23:07,robot_ec2b,Home,목적지 출발 → 목적지 도착,성공,20초,로컬 디스플레이
2026-08-18 15:22:37,robot_ec2b,로비,목적지 출발 → 목적지 도착,성공,24초,로컬 디스플레이
2026-08-18 15:22:11,robot_ec2b,Home,목적지 출발 → 목적지 도착,성공,20초,로컬 디스플레이
2026-08-18 15:21:43,robot_ec2b,로비,목적지 출발 → 목적지 도착,성공,22초,로컬 디스플레이
2026-08-18 15:21:16,robot_ec2b,Home,목적지 출발 → 목적지 도착,성공,21초,로컬 디스플레이
2026-08-18 15:20:46,robot_ec2b,로비,목적지 출발 → 목적지 도착,성공,24초,로컬 디스플레이
2026-08-18 15:20:20,robot_ec2b,Home,목적지 출발 → 목적지 도착,성공,20초,로컬 디스플레이
2026-08-18 15:19:50,robot_ec2b,로비,목적지 출발 → 목적지 도착,성공,24초,로컬 디스플레이
2026-08-18 15:19:24,robot_ec2b,Home,목적지 출발 → 목적지 도착,성공,20초,로컬 디스플레이
2026-08-18 15:18:55,robot_ec2b,로비,목적지 출발 → 목적지 도착,성공,24초,로컬 디스플레이
2026-08-18 15:18:29,robot_ec2b,Home,목적지 출발 → 목적지 도착,성공,21초,로컬 디스플레이
2026-08-18 15:17:56,robot_ec2b,로비,목적지 출발 → 목적지 도착,성공,27초,로컬 디스플레이
2026-08-18 15:17:30,robot_ec2b,Home,목적지 출발 → 목적지 도착,성공,20초,로컬 디스플레이
2026-08-18 15:17:00,robot_ec2b,로비,목적지 출발 → 목적지 도착,성공,25초,로컬 디스플레이
2026-08-18 15:16:35,robot_ec2b,Home,목적지 출발 → 목적지 도착,성공,19초,로컬 디스플레이
2026-08-18 15:16:02,robot_ec2b,로비,목적지 출발 → 목적지 도착,성공,26초,로컬 디스플레이
2026-08-18 15:15:36,robot_ec2b,Home,목적지 출발 → 목적지 도착,성공,21초,로컬 디스플레이
2026-08-18 15:15:09,robot_ec2b,로비,목적지 출발 → 목적지 도착,성공,22초,로컬 디스플레이
2026-08-18 15:14:43,robot_ec2b,Home,목적지 출발 → 목적지 도착,성공,20초,로컬 디스플레이
2026-08-18 15:14:15,robot_ec2b,로비,목적지 출발 → 목적지 도착,성공,22초,로컬 디스플레이
2026-08-18 15:13:49,robot_ec2b,Home,목적지 출발 → 목적지 도착,성공,20초,로컬 디스플레이
2026-08-18 15:13:18,robot_ec2b,로비,목적지 출발 → 목적지 도착,성공,25초,로컬 디스플레이
2026-08-18 15:12:52,robot_ec2b,Home,목적지 출발 → 목적지 도착,성공,20초,로컬 디스플레이
2026-08-18 15:12:22,robot_ec2b,로비,목적지 출발 → 목적지 도착,성공,24초,로컬 디스플레이
2026-08-18 15:11:56,robot_ec2b,Home,목적지 출발 → 목적지 도착,성공,20초,로컬 디스플레이
2026-08-18 15:11:26,robot_ec2b,로비,목적지 출발 → 목적지 도착,성공,24초,로컬 디스플레이
2026-08-18 15:11:00,robot_ec2b,Home,목적지 출발 → 목적지 도착,성공,20초,로컬 디스플레이
2026-08-18 15:10:29,robot_ec2b,로비,목적지 출발 → 목적지 도착,성공,25초,로컬 디스플레이
2026-08-18 15:10:03,robot_ec2b,Home,목적지 출발 → 목적지 도착,성공,21초,로컬 디스플레이
2026-08-18 15:09:33,robot_ec2b,로비,목적지 출발 → 목적지 도착,성공,24초,로컬 디스플레이
2026-08-18 15:09:07,robot_ec2b,Home,목적지 출발 → 목적지 도착,성공,20초,로컬 디스플레이
2026-08-18 15:08:38,robot_ec2b,로비,목적지 출발 → 목적지 도착,성공,24초,로컬 디스플레이
2026-08-18 15:08:13,robot_ec2b,Home,목적지 출발 → 목적지 도착,성공,20초,로컬 디스플레이
2026-08-18 15:07:43,robot_ec2b,로비,목적지 출발 → 목적지 도착,성공,24초,로컬 디스플레이
2026-08-18 15:07:17,robot_ec2b,Home,목적지 출발 → 목적지 도착,성공,20초,로컬 디스플레이
2026-08-18 15:06:47,robot_ec2b,로비,목적지 출발 → 목적지 도착,성공,24초,로컬 디스플레이
2026-08-18 15:06:21,robot_ec2b,Home,목적지 출발 → 목적지 도착,성공,20초,로컬 디스플레이
2026-08-18 15:05:48,robot_ec2b,로비,목적지 출발 → 목적지 도착,성공,27초,로컬 디스플레이
2026-08-18 15:05:22,robot_ec2b,Home,목적지 출발 → 목적지 도착,성공,20초,로컬 디스플레이
2026-08-18 15:04:56,robot_ec2b,로비,목적지 출발 → 목적지 도착,성공,21초,로컬 디스플레이
2026-08-18 15:04:30,robot_ec2b,Home,목적지 출발 → 목적지 도착,성공,21초,로컬 디스플레이
2026-08-18 15:03:58,robot_ec2b,로비,목적지 출발 → 목적지 도착,성공,27초,로컬 디스플레이
2026-08-18 15:03:32,robot_ec2b,Home,목적지 출발 → 목적지 도착,성공,20초,로컬 디스플레이
2026-08-18 15:03:06,robot_ec2b,로비,목적지 출발 → 목적지 도착,성공,21초,로컬 디스플레이
2026-08-18 15:02:41,robot_ec2b,Home,목적지 출발 → 목적지 도착,성공,20초,로컬 디스플레이
2026-08-18 15:02:10,robot_ec2b,로비,목적지 출발 → 목적지 도착,성공,25초,로컬 디스플레이
2026-08-18 15:01:44,robot_ec2b,Home,목적지 출발 → 목적지 도착,성공,20초,로컬 디스플레이
2026-08-18 15:01:15,robot_ec2b,로비,목적지 출발 → 목적지 도착,성공,23초,로컬 디스플레이
2026-08-18 15:00:49,robot_ec2b,Home,목적지 출발 → 목적지 도착,성공,20초,로컬 디스플레이
2026-08-18 15:00:19,robot_ec2b,로비,목적지 출발 → 목적지 도착,성공,24초,로컬 디스플레이
2026-08-18 14:59:53,robot_ec2b,Home,목적지 출발 → 목적지 도착,성공,21초,로컬 디스플레이
2026-08-18 14:59:23,robot_ec2b,로비,목적지 출발 → 목적지 도착,성공,24초,로컬 디스플레이
2026-08-18 14:58:57,robot_ec2b,Home,목적지 출발 → 목적지 도착,성공,21초,로컬 디스플레이
2026-08-18 14:58:28,robot_ec2b,로비,목적지 출발 → 목적지 도착,성공,24초,로컬 디스플레이
2026-08-18 14:58:02,robot_ec2b,Home,목적지 출발 → 목적지 도착,성공,20초,로컬 디스플레이
2026-08-18 14:57:31,robot_ec2b,로비,목적지 출발 → 목적지 도착,성공,25초,로컬 디스플레이
2026-08-18 14:57:05,robot_ec2b,Home,목적지 출발 → 목적지 도착,성공,20초,로컬 디스플레이
2026-08-18 14:56:32,robot_ec2b,로비,목적지 출발 → 목적지 도착,성공,27초,로컬 디스플레이
2026-08-18 14:56:05,robot_ec2b,Home,목적지 출발 → 목적지 도착,성공,21초,로컬 디스플레이
2026-08-18 14:55:39,robot_ec2b,로비,목적지 출발 → 목적지 도착,성공,21초,로컬 디스플레이
2026-08-18 14:55:13,robot_ec2b,Home,목적지 출발 → 목적지 도착,성공,20초,로컬 디스플레이
2026-08-18 14:54:46,robot_ec2b,로비,목적지 출발 → 목적지 도착,성공,21초,로컬 디스플레이
2026-08-18 14:54:20,robot_ec2b,Home,목적지 출발 → 목적지 도착,성공,20초,로컬 디스플레이
2026-08-18 14:53:50,robot_ec2b,로비,목적지 출발 → 목적지 도착,성공,24초,로컬 디스플레이
2026-08-18 14:53:24,robot_ec2b,Home,목적지 출발 → 목적지 도착,성공,20초,로컬 디스플레이
2026-08-18 14:52:58,robot_ec2b,로비,목적지 출발 → 목적지 도착,성공,20초,로컬 디스플레이
2026-08-18 14:52:32,robot_ec2b,Home,목적지 출발 → 목적지 도착,성공,20초,로컬 디스플레이
2026-08-18 14:52:00,robot_ec2b,로비,목적지 출발 → 목적지 도착,성공,26초,로컬 디스플레이
2026-08-18 14:51:34,robot_ec2b,Home,목적지 출발 → 목적지 도착,성공,20초,로컬 디스플레이
2026-08-18 14:51:04,robot_ec2b,로비,목적지 출발 → 목적지 도착,성공,24초,로컬 디스플레이
2026-08-18 14:50:38,robot_ec2b,Home,목적지 출발 → 목적지 도착,성공,20초,로컬 디스플레이
2026-08-18 14:50:10,robot_ec2b,로비,목적지 출발 → 목적지 도착,성공,23초,로컬 디스플레이
2026-08-18 14:49:44,robot_ec2b,Home,목적지 출발 → 목적지 도착,성공,21초,로컬 디스플레이
2026-08-18 14:49:14,robot_ec2b,로비,목적지 출발 → 목적지 도착,성공,24초,로컬 디스플레이
2026-08-18 14:48:48,robot_ec2b,Home,목적지 출발 → 목적지 도착,성공,20초,로컬 디스플레이
2026-08-18 14:48:19,robot_ec2b,로비,목적지 출발 → 목적지 도착,성공,22초,로컬 디스플레이
2026-08-18 14:47:53,robot_ec2b,Home,목적지 출발 → 목적지 도착,성공,20초,로컬 디스플레이
2026-08-18 14:47:25,robot_ec2b,로비,목적지 출발 → 목적지 도착,성공,22초,로컬 디스플레이
2026-08-18 14:46:59,robot_ec2b,Home,목적지 출발 → 목적지 도착,성공,20초,로컬 디스플레이
2026-08-18 14:46:30,robot_ec2b,로비,목적지 출발 → 목적지 도착,성공,23초,로컬 디스플레이
2026-08-18 14:46:04,robot_ec2b,Home,목적지 출발 → 목적지 도착,성공,20초,로컬 디스플레이
2026-08-18 14:45:35,robot_ec2b,로비,목적지 출발 → 목적지 도착,성공,23초,로컬 디스플레이
2026-08-18 14:45:09,robot_ec2b,Home,목적지 출발 → 목적지 도착,성공,21초,로컬 디스플레이
2026-08-18 14:44:39,robot_ec2b,로비,목적지 출발 → 목적지 도착,성공,24초,로컬 디스플레이
2026-08-18 14:44:13,robot_ec2b,Home,목적지 출발 → 목적지 도착,성공,20초,로컬 디스플레이
2026-08-18 14:43:44,robot_ec2b,로비,목적지 출발 → 목적지 도착,성공,24초,로컬 디스플레이
2026-08-18 14:43:18,robot_ec2b,Home,목적지 출발 → 목적지 도착,성공,21초,로컬 디스플레이
2026-08-18 14:42:48,robot_ec2b,로비,목적지 출발 → 목적지 도착,성공,25초,로컬 디스플레이
2026-08-18 14:42:22,robot_ec2b,Home,목적지 출발 → 목적지 도착,성공,20초,로컬 디스플레이
2026-08-18 14:41:52,robot_ec2b,로비,목적지 출발 → 목적지 도착,성공,25초,로컬 디스플레이
2026-08-18 14:41:27,robot_ec2b,Home,목적지 출발 → 목적지 도착,성공,20초,로컬 디스플레이
2026-08-18 14:41:01,robot_ec2b,로비,목적지 출발 → 목적지 도착,성공,20초,로컬 디스플레이
2026-08-18 14:40:35,robot_ec2b,Home,목적지 출발 → 목적지 도착,성공,20초,로컬 디스플레이
2026-08-18 14:40:05,robot_ec2b,로비,목적지 출발 → 목적지 도착,성공,24초,로컬 디스플레이
2026-08-18 14:39:39,robot_ec2b,Home,목적지 출발 → 목적지 도착,성공,20초,로컬 디스플레이
2026-08-18 14:39:09,robot_ec2b,로비,목적지 출발 → 목적지 도착,성공,24초,로컬 디스플레이
2026-08-18 14:38:43,robot_ec2b,Home,목적지 출발 → 목적지 도착,성공,20초,로컬 디스플레이
2026-08-18 14:38:13,robot_ec2b,로비,목적지 출발 → 목적지 도착,성공,24초,로컬 디스플레이
2026-08-18 14:37:47,robot_ec2b,Home,목적지 출발 → 목적지 도착,성공,21초,로컬 디스플레이
2026-08-18 14:37:13,robot_ec2b,로비,목적지 출발 → 목적지 도착,성공,28초,로컬 디스플레이
2026-08-18 14:36:47,robot_ec2b,Home,목적지 출발 → 목적지 도착,성공,20초,로컬 디스플레이
2026-08-18 14:36:17,robot_ec2b,로비,목적지 출발 → 목적지 도착,성공,25초,로컬 디스플레이
2026-08-18 14:35:51,robot_ec2b,Home,목적지 출발 → 목적지 도착,성공,20초,로컬 디스플레이
2026-08-18 14:35:22,robot_ec2b,로비,목적지 출발 → 목적지 도착,성공,24초,로컬 디스플레이
2026-08-18 14:34:55,robot_ec2b,Home,목적지 출발 → 목적지 도착,성공,20초,로컬 디스플레이
2026-08-18 14:34:26,robot_ec2b,로비,목적지 출발 → 목적지 도착,성공,24초,로컬 디스플레이
2026-08-18 14:34:00,robot_ec2b,Home,목적지 출발 → 목적지 도착,성공,21초,로컬 디스플레이
2026-08-18 14:33:29,robot_ec2b,로비,목적지 출발 → 목적지 도착,성공,25초,로컬 디스플레이
2026-08-18 14:33:03,robot_ec2b,Home,목적지 출발 → 목적지 도착,성공,21초,로컬 디스플레이
2026-08-18 14:32:33,robot_ec2b,로비,목적지 출발 → 목적지 도착,성공,24초,로컬 디스플레이
2026-08-18 14:32:07,robot_ec2b,Home,목적지 출발 → 목적지 도착,성공,20초,로컬 디스플레이
2026-08-18 14:31:41,robot_ec2b,로비,목적지 출발 → 목적지 도착,성공,20초,로컬 디스플레이
2026-08-18 14:31:15,robot_ec2b,Home,목적지 출발 → 목적지 도착,성공,20초,로컬 디스플레이
2026-08-18 14:30:48,robot_ec2b,로비,목적지 출발 → 목적지 도착,성공,21초,로컬 디스플레이
2026-08-18 14:30:22,robot_ec2b,Home,목적지 출발 → 목적지 도착,성공,21초,로컬 디스플레이
2026-08-18 14:29:52,robot_ec2b,로비,목적지 출발 → 목적지 도착,성공,25초,로컬 디스플레이
2026-08-18 14:29:26,robot_ec2b,Home,목적지 출발 → 목적지 도착,성공,20초,로컬 디스플레이
2026-08-18 14:28:56,robot_ec2b,로비,목적지 출발 → 목적지 도착,성공,25초,로컬 디스플레이
2026-08-18 14:28:30,robot_ec2b,Home,목적지 출발 → 목적지 도착,성공,21초,로컬 디스플레이
2026-08-18 14:28:02,robot_ec2b,로비,목적지 출발 → 목적지 도착,성공,23초,로컬 디스플레이
2026-08-18 14:27:37,robot_ec2b,Home,목적지 출발 → 목적지 도착,성공,20초,로컬 디스플레이
2026-08-18 14:27:07,robot_ec2b,로비,목적지 출발 → 목적지 도착,성공,24초,로컬 디스플레이
2026-08-18 14:26:41,robot_ec2b,Home,목적지 출발 → 목적지 도착,성공,20초,로컬 디스플레이
2026-08-18 14:26:08,robot_ec2b,로비,목적지 출발 → 목적지 도착,성공,27초,로컬 디스플레이
2026-08-18 14:25:42,robot_ec2b,Home,목적지 출발 → 목적지 도착,성공,20초,로컬 디스플레이
2026-08-18 14:25:13,robot_ec2b,로비,목적지 출발 → 목적지 도착,성공,23초,로컬 디스플레이
2026-08-18 14:24:47,robot_ec2b,Home,목적지 출발 → 목적지 도착,성공,21초,로컬 디스플레이
2026-08-18 14:24:21,robot_ec2b,로비,목적지 출발 → 목적지 도착,성공,20초,로컬 디스플레이
2026-08-18 14:23:55,robot_ec2b,Home,목적지 출발 → 목적지 도착,성공,20초,로컬 디스플레이
2026-08-18 14:23:25,robot_ec2b,로비,목적지 출발 → 목적지 도착,성공,24초,로컬 디스플레이
2026-08-18 14:23:00,robot_ec2b,Home,목적지 출발 → 목적지 도착,성공,20초,로컬 디스플레이
2026-08-18 14:22:29,robot_ec2b,로비,목적지 출발 → 목적지 도착,성공,25초,로컬 디스플레이
2026-08-18 14:22:04,robot_ec2b,Home,목적지 출발 → 목적지 도착,성공,20초,로컬 디스플레이
2026-08-18 14:21:33,robot_ec2b,로비,목적지 출발 → 목적지 도착,성공,24초,로컬 디스플레이
2026-08-18 14:21:07,robot_ec2b,Home,목적지 출발 → 목적지 도착,성공,20초,로컬 디스플레이
2026-08-18 14:20:37,robot_ec2b,로비,목적지 출발 → 목적지 도착,성공,24초,로컬 디스플레이
2026-08-18 14:20:11,robot_ec2b,Home,목적지 출발 → 목적지 도착,성공,20초,로컬 디스플레이
2026-08-18 14:19:37,robot_ec2b,로비,목적지 출발 → 목적지 도착,성공,28초,로컬 디스플레이
2026-08-18 14:19:11,robot_ec2b,Home,목적지 출발 → 목적지 도착,성공,20초,로컬 디스플레이
2026-08-18 14:18:42,robot_ec2b,로비,목적지 출발 → 목적지 도착,성공,24초,로컬 디스플레이
2026-08-18 14:18:16,robot_ec2b,Home,목적지 출발 → 목적지 도착,성공,20초,로컬 디스플레이
2026-08-18 14:17:44,robot_ec2b,로비,목적지 출발 → 목적지 도착,성공,27초,로컬 디스플레이
2026-08-18 14:17:18,robot_ec2b,Home,목적지 출발 → 목적지 도착,성공,20초,로컬 디스플레이
2026-08-18 14:16:48,robot_ec2b,로비,목적지 출발 → 목적지 도착,성공,23초,로컬 디스플레이
2026-08-18 14:16:22,robot_ec2b,Home,목적지 출발 → 목적지 도착,성공,20초,로컬 디스플레이
2026-08-18 14:15:51,robot_ec2b,로비,목적지 출발 → 목적지 도착,성공,25초,로컬 디스플레이
2026-08-18 14:15:25,robot_ec2b,Home,목적지 출발 → 목적지 도착,성공,20초,로컬 디스플레이
2026-08-18 14:14:55,robot_ec2b,로비,목적지 출발 → 목적지 도착,성공,24초,로컬 디스플레이
2026-08-18 14:14:29,robot_ec2b,Home,목적지 출발 → 목적지 도착,성공,20초,로컬 디스플레이
2026-08-18 14:13:59,robot_ec2b,로비,목적지 출발 → 목적지 도착,성공,25초,로컬 디스플레이
2026-08-18 14:13:33,robot_ec2b,Home,목적지 출발 → 목적지 도착,성공,21초,로컬 디스플레이
2026-08-18 14:13:03,robot_ec2b,로비,목적지 출발 → 목적지 도착,성공,25초,로컬 디스플레이
2026-08-18 14:12:38,robot_ec2b,Home,목적지 출발 → 목적지 도착,성공,20초,로컬 디스플레이
2026-08-18 14:12:06,robot_ec2b,로비,목적지 출발 → 목적지 도착,성공,26초,로컬 디스플레이
2026-08-18 14:11:40,robot_ec2b,Home,목적지 출발 → 목적지 도착,성공,20초,로컬 디스플레이
2026-08-18 14:11:10,robot_ec2b,로비,목적지 출발 → 목적지 도착,성공,24초,로컬 디스플레이
2026-08-18 14:10:44,robot_ec2b,Home,목적지 출발 → 목적지 도착,성공,20초,로컬 디스플레이
2026-08-18 14:10:14,robot_ec2b,로비,목적지 출발 → 목적지 도착,성공,24초,로컬 디스플레이
2026-08-18 14:09:48,robot_ec2b,Home,목적지 출발 → 목적지 도착,성공,20초,로컬 디스플레이
2026-08-18 14:09:18,robot_ec2b,로비,목적지 출발 → 목적지 도착,성공,24초,로컬 디스플레이
2026-08-18 14:08:51,robot_ec2b,Home,목적지 출발 → 목적지 도착,성공,21초,로컬 디스플레이
2026-08-18 14:08:21,robot_ec2b,로비,목적지 출발 → 목적지 도착,성공,24초,로컬 디스플레이
2026-08-18 14:07:55,robot_ec2b,Home,목적지 출발 → 목적지 도착,성공,20초,로컬 디스플레이
2026-08-18 14:07:23,robot_ec2b,로비,목적지 출발 → 목적지 도착,성공,26초,로컬 디스플레이
2026-08-18 14:06:57,robot_ec2b,Home,목적지 출발 → 목적지 도착,성공,21초,로컬 디스플레이
2026-08-18 14:06:29,robot_ec2b,로비,목적지 출발 → 목적지 도착,성공,23초,로컬 디스플레이
2026-08-18 14:06:03,robot_ec2b,Home,목적지 출발 → 목적지 도착,성공,20초,로컬 디스플레이
2026-08-18 14:05:33,robot_ec2b,로비,목적지 출발 → 목적지 도착,성공,24초,로컬 디스플레이
2026-08-18 14:05:07,robot_ec2b,Home,목적지 출발 → 목적지 도착,성공,20초,로컬 디스플레이
2026-08-18 14:04:41,robot_ec2b,로비,목적지 출발 → 목적지 도착,성공,20초,로컬 디스플레이
2026-08-18 14:04:15,robot_ec2b,Home,목적지 출발 → 목적지 도착,성공,20초,로컬 디스플레이
2026-08-18 14:03:49,robot_ec2b,로비,목적지 출발 → 목적지 도착,성공,21초,로컬 디스플레이
2026-08-18 14:03:24,robot_ec2b,Home,목적지 출발 → 목적지 도착,성공,20초,로컬 디스플레이
2026-08-18 14:02:54,robot_ec2b,로비,목적지 출발 → 목적지 도착,성공,25초,로컬 디스플레이
2026-08-18 14:02:28,robot_ec2b,Home,목적지 출발 → 목적지 도착,성공,20초,로컬 디스플레이
2026-08-18 14:02:00,robot_ec2b,로비,목적지 출발 → 목적지 도착,성공,22초,로컬 디스플레이
2026-08-18 14:01:34,robot_ec2b,Home,목적지 출발 → 목적지 도착,성공,20초,로컬 디스플레이
2026-08-18 14:01:01,robot_ec2b,로비,목적지 출발 → 목적지 도착,성공,27초,로컬 디스플레이
2026-08-18 14:00:35,robot_ec2b,Home,목적지 출발 → 목적지 도착,성공,20초,로컬 디스플레이
2026-08-18 14:00:06,robot_ec2b,로비,목적지 출발 → 목적지 도착,성공,24초,로컬 디스플레이
2026-08-18 13:59:40,robot_ec2b,Home,목적지 출발 → 목적지 도착,성공,20초,로컬 디스플레이
2026-08-18 13:59:12,robot_ec2b,로비,목적지 출발 → 목적지 도착,성공,22초,로컬 디스플레이
2026-08-18 13:58:46,robot_ec2b,Home,목적지 출발 → 목적지 도착,성공,20초,로컬 디스플레이
2026-08-18 13:58:20,robot_ec2b,로비,목적지 출발 → 목적지 도착,성공,20초,로컬 디스플레이
2026-08-18 13:57:55,robot_ec2b,Home,목적지 출발 → 목적지 도착,성공,20초,로컬 디스플레이
2026-08-18 13:57:25,robot_ec2b,로비,목적지 출발 → 목적지 도착,성공,24초,로컬 디스플레이
2026-08-18 13:56:59,robot_ec2b,Home,목적지 출발 → 목적지 도착,성공,20초,로컬 디스플레이
2026-08-18 13:56:29,robot_ec2b,로비,목적지 출발 → 목적지 도착,성공,25초,로컬 디스플레이
2026-08-18 13:56:03,robot_ec2b,Home,목적지 출발 → 목적지 도착,성공,20초,로컬 디스플레이
2026-08-18 13:55:33,robot_ec2b,로비,목적지 출발 → 목적지 도착,성공,25초,로컬 디스플레이
2026-08-18 13:55:08,robot_ec2b,Home,목적지 출발 → 목적지 도착,성공,20초,로컬 디스플레이
2026-08-18 13:54:40,robot_ec2b,로비,목적지 출발 → 목적지 도착,성공,23초,로컬 디스플레이
2026-08-18 13:54:14,robot_ec2b,Home,목적지 출발 → 목적지 도착,성공,20초,로컬 디스플레이
2026-08-18 13:53:44,robot_ec2b,로비,목적지 출발 → 목적지 도착,성공,24초,로컬 디스플레이
2026-08-18 13:53:18,robot_ec2b,Home,목적지 출발 → 목적지 도착,성공,20초,로컬 디스플레이
2026-08-18 13:52:47,robot_ec2b,로비,목적지 출발 → 목적지 도착,성공,25초,로컬 디스플레이
2026-08-18 13:52:21,robot_ec2b,Home,목적지 출발 → 목적지 도착,성공,20초,로컬 디스플레이
2026-08-18 13:51:50,robot_ec2b,로비,목적지 출발 → 목적지 도착,성공,25초,로컬 디스플레이
2026-08-18 13:51:24,robot_ec2b,Home,목적지 출발 → 목적지 도착,성공,21초,로컬 디스플레이
2026-08-18 13:50:54,robot_ec2b,로비,목적지 출발 → 목적지 도착,성공,25초,로컬 디스플레이
2026-08-18 13:50:28,robot_ec2b,Home,목적지 출발 → 목적지 도착,성공,20초,로컬 디스플레이
2026-08-18 13:49:58,robot_ec2b,로비,목적지 출발 → 목적지 도착,성공,25초,로컬 디스플레이
2026-08-18 13:49:33,robot_ec2b,Home,목적지 출발 → 목적지 도착,성공,20초,로컬 디스플레이
2026-08-18 13:49:03,robot_ec2b,로비,목적지 출발 → 목적지 도착,성공,24초,로컬 디스플레이
2026-08-18 13:48:37,robot_ec2b,Home,목적지 출발 → 목적지 도착,성공,20초,로컬 디스플레이
2026-08-18 13:48:09,robot_ec2b,로비,목적지 출발 → 목적지 도착,성공,22초,로컬 디스플레이
2026-08-18 13:47:43,robot_ec2b,Home,목적지 출발 → 목적지 도착,성공,20초,로컬 디스플레이
2026-08-18 13:47:13,robot_ec2b,로비,목적지 출발 → 목적지 도착,성공,24초,로컬 디스플레이
2026-08-18 13:46:47,robot_ec2b,Home,목적지 출발 → 목적지 도착,성공,20초,로컬 디스플레이
2026-08-18 13:46:20,robot_ec2b,로비,목적지 출발 → 목적지 도착,성공,21초,로컬 디스플레이
2026-08-18 13:45:54,robot_ec2b,Home,목적지 출발 → 목적지 도착,성공,21초,로컬 디스플레이
2026-08-18 13:45:30,robot_ec2b,로비,목적지 출발 → 목적지 도착,성공,19초,로컬 디스플레이
2026-08-18 11:42:52,robot_ec2b,로비,목적지 출발 → 목적지 도착,성공,25초,로컬 디스플레이
2026-08-18 11:42:26,robot_ec2b,Home,목적지 출발 → 목적지 도착,성공,20초,로컬 디스플레이
2026-08-18 11:42:00,robot_ec2b,로비,목적지 출발 → 목적지 도착,성공,21초,로컬 디스플레이
2026-08-18 11:41:34,robot_ec2b,Home,목적지 출발 → 목적지 도착,성공,20초,로컬 디스플레이
2026-08-18 11:41:01,robot_ec2b,로비,목적지 출발 → 목적지 도착,성공,28초,로컬 디스플레이
2026-08-18 11:40:35,robot_ec2b,Home,목적지 출발 → 목적지 도착,성공,20초,로컬 디스플레이
2026-08-18 11:40:05,robot_ec2b,로비,목적지 출발 → 목적지 도착,성공,24초,로컬 디스플레이
2026-08-18 11:39:40,robot_ec2b,Home,목적지 출발 → 목적지 도착,성공,20초,로컬 디스플레이
2026-08-18 11:39:09,robot_ec2b,로비,목적지 출발 → 목적지 도착,성공,25초,로컬 디스플레이
2026-08-18 11:38:43,robot_ec2b,Home,목적지 출발 → 목적지 도착,성공,20초,로컬 디스플레이
2026-08-18 11:38:13,robot_ec2b,로비,목적지 출발 → 목적지 도착,성공,24초,로컬 디스플레이
2026-08-18 11:37:47,robot_ec2b,Home,목적지 출발 → 목적지 도착,성공,20초,로컬 디스플레이
2026-08-18 11:37:18,robot_ec2b,로비,목적지 출발 → 목적지 도착,성공,23초,로컬 디스플레이
2026-08-18 11:36:52,robot_ec2b,Home,목적지 출발 → 목적지 도착,성공,21초,로컬 디스플레이
2026-08-18 11:36:22,robot_ec2b,로비,목적지 출발 → 목적지 도착,성공,24초,로컬 디스플레이
2026-08-18 11:35:56,robot_ec2b,Home,목적지 출발 → 목적지 도착,성공,21초,로컬 디스플레이
2026-08-18 11:35:26,robot_ec2b,로비,목적지 출발 → 목적지 도착,성공,25초,로컬 디스플레이
2026-08-18 11:35:00,robot_ec2b,Home,목적지 출발 → 목적지 도착,성공,21초,로컬 디스플레이
2026-08-18 11:34:30,robot_ec2b,로비,목적지 출발 → 목적지 도착,성공,25초,로컬 디스플레이
2026-08-18 11:34:05,robot_ec2b,Home,목적지 출발 → 목적지 도착,성공,20초,로컬 디스플레이
2026-08-18 11:33:33,robot_ec2b,로비,목적지 출발 → 목적지 도착,성공,25초,로컬 디스플레이
2026-08-18 11:33:07,robot_ec2b,Home,목적지 출발 → 목적지 도착,성공,20초,로컬 디스플레이
2026-08-18 11:32:41,robot_ec2b,로비,목적지 출발 → 목적지 도착,성공,20초,로컬 디스플레이
2026-08-18 11:32:15,robot_ec2b,Home,목적지 출발 → 목적지 도착,성공,20초,로컬 디스플레이
2026-08-18 11:31:45,robot_ec2b,로비,목적지 출발 → 목적지 도착,성공,24초,로컬 디스플레이
2026-08-18 11:31:19,robot_ec2b,Home,목적지 출발 → 목적지 도착,성공,20초,로컬 디스플레이
2026-08-18 11:30:49,robot_ec2b,로비,목적지 출발 → 목적지 도착,성공,25초,로컬 디스플레이
2026-08-18 11:30:23,robot_ec2b,Home,목적지 출발 → 목적지 도착,성공,21초,로컬 디스플레이
2026-08-18 11:29:57,robot_ec2b,로비,목적지 출발 → 목적지 도착,성공,21초,로컬 디스플레이
2026-08-18 11:29:31,robot_ec2b,Home,목적지 출발 → 목적지 도착,성공,21초,로컬 디스플레이
2026-08-18 11:29:01,robot_ec2b,로비,목적지 출발 → 목적지 도착,성공,25초,로컬 디스플레이
2026-08-18 11:28:35,robot_ec2b,Home,목적지 출발 → 목적지 도착,성공,21초,로컬 디스플레이
2026-08-18 11:28:02,robot_ec2b,로비,목적지 출발 → 목적지 도착,성공,28초,로컬 디스플레이
2026-08-18 11:27:36,robot_ec2b,Home,목적지 출발 → 목적지 도착,성공,21초,로컬 디스플레이
2026-08-18 11:27:07,robot_ec2b,로비,목적지 출발 → 목적지 도착,성공,24초,로컬 디스플레이
2026-08-18 11:26:41,robot_ec2b,Home,목적지 출발 → 목적지 도착,성공,20초,로컬 디스플레이
2026-08-18 11:26:12,robot_ec2b,로비,목적지 출발 → 목적지 도착,성공,23초,로컬 디스플레이
2026-08-18 11:25:46,robot_ec2b,Home,목적지 출발 → 목적지 도착,성공,20초,로컬 디스플레이
2026-08-18 11:25:16,robot_ec2b,로비,목적지 출발 → 목적지 도착,성공,24초,로컬 디스플레이
2026-08-18 11:24:50,robot_ec2b,Home,목적지 출발 → 목적지 도착,성공,21초,로컬 디스플레이
2026-08-18 11:24:17,robot_ec2b,로비,목적지 출발 → 목적지 도착,성공,27초,로컬 디스플레이
2026-08-18 11:23:51,robot_ec2b,Home,목적지 출발 → 목적지 도착,성공,21초,로컬 디스플레이
2026-08-18 11:23:23,robot_ec2b,로비,목적지 출발 → 목적지 도착,성공,22초,로컬 디스플레이
2026-08-18 11:22:57,robot_ec2b,Home,목적지 출발 → 목적지 도착,성공,21초,로컬 디스플레이
2026-08-18 11:22:26,robot_ec2b,로비,목적지 출발 → 목적지 도착,성공,26초,로컬 디스플레이
2026-08-18 11:22:00,robot_ec2b,Home,목적지 출발 → 목적지 도착,성공,21초,로컬 디스플레이
2026-08-18 11:21:29,robot_ec2b,로비,목적지 출발 → 목적지 도착,성공,26초,로컬 디스플레이
2026-08-18 11:21:04,robot_ec2b,Home,목적지 출발 → 목적지 도착,성공,20초,로컬 디스플레이
2026-08-18 11:20:34,robot_ec2b,로비,목적지 출발 → 목적지 도착,성공,24초,로컬 디스플레이
2026-08-18 11:20:08,robot_ec2b,Home,목적지 출발 → 목적지 도착,성공,20초,로컬 디스플레이
2026-08-18 11:19:42,robot_ec2b,로비,목적지 출발 → 목적지 도착,성공,20초,로컬 디스플레이
2026-08-18 11:19:16,robot_ec2b,Home,목적지 출발 → 목적지 도착,성공,20초,로컬 디스플레이
2026-08-18 11:18:47,robot_ec2b,로비,목적지 출발 → 목적지 도착,성공,23초,로컬 디스플레이
2026-08-18 11:18:21,robot_ec2b,Home,목적지 출발 → 목적지 도착,성공,20초,로컬 디스플레이
2026-08-18 11:17:52,robot_ec2b,로비,목적지 출발 → 목적지 도착,성공,23초,로컬 디스플레이
2026-08-18 11:17:26,robot_ec2b,Home,목적지 출발 → 목적지 도착,성공,21초,로컬 디스플레이
2026-08-18 11:16:56,robot_ec2b,로비,목적지 출발 → 목적지 도착,성공,25초,로컬 디스플레이
2026-08-18 11:16:30,robot_ec2b,Home,목적지 출발 → 목적지 도착,성공,20초,로컬 디스플레이
2026-08-18 11:15:58,robot_ec2b,로비,목적지 출발 → 목적지 도착,성공,26초,로컬 디스플레이
2026-08-18 11:15:32,robot_ec2b,Home,목적지 출발 → 목적지 도착,성공,20초,로컬 디스플레이
2026-08-18 11:15:01,robot_ec2b,로비,목적지 출발 → 목적지 도착,성공,25초,로컬 디스플레이
2026-08-18 11:14:35,robot_ec2b,Home,목적지 출발 → 목적지 도착,성공,20초,로컬 디스플레이
2026-08-18 11:14:01,robot_ec2b,로비,목적지 출발 → 목적지 도착,성공,28초,로컬 디스플레이
2026-08-18 11:13:35,robot_ec2b,Home,목적지 출발 → 목적지 도착,성공,21초,로컬 디스플레이
2026-08-18 11:13:04,robot_ec2b,로비,목적지 출발 → 목적지 도착,성공,25초,로컬 디스플레이
2026-08-18 11:12:38,robot_ec2b,Home,목적지 출발 → 목적지 도착,성공,21초,로컬 디스플레이
2026-08-18 11:12:08,robot_ec2b,로비,목적지 출발 → 목적지 도착,성공,24초,로컬 디스플레이
2026-08-18 11:11:42,robot_ec2b,Home,목적지 출발 → 목적지 도착,성공,20초,로컬 디스플레이
2026-08-18 11:11:11,robot_ec2b,로비,목적지 출발 → 목적지 도착,성공,25초,로컬 디스플레이
2026-08-18 11:10:44,robot_ec2b,Home,목적지 출발 → 목적지 도착,성공,21초,로컬 디스플레이
2026-08-18 11:10:13,robot_ec2b,로비,목적지 출발 → 목적지 도착,성공,25초,로컬 디스플레이
2026-08-18 11:09:47,robot_ec2b,Home,목적지 출발 → 목적지 도착,성공,20초,로컬 디스플레이
2026-08-18 11:09:16,robot_ec2b,로비,목적지 출발 → 목적지 도착,성공,25초,로컬 디스플레이
2026-08-18 11:08:50,robot_ec2b,Home,목적지 출발 → 목적지 도착,성공,21초,로컬 디스플레이
2026-08-18 11:08:21,robot_ec2b,로비,목적지 출발 → 목적지 도착,성공,23초,로컬 디스플레이
2026-08-18 11:07:55,robot_ec2b,Home,목적지 출발 → 목적지 도착,성공,20초,로컬 디스플레이
2026-08-18 11:07:27,robot_ec2b,로비,목적지 출발 → 목적지 도착,성공,23초,로컬 디스플레이
2026-08-18 11:07:01,robot_ec2b,Home,목적지 출발 → 목적지 도착,성공,21초,로컬 디스플레이
2026-08-18 11:06:30,robot_ec2b,로비,목적지 출발 → 목적지 도착,성공,25초,로컬 디스플레이
2026-08-18 11:06:03,robot_ec2b,Home,목적지 출발 → 목적지 도착,성공,21초,로컬 디스플레이
2026-08-18 11:05:32,robot_ec2b,로비,목적지 출발 → 목적지 도착,성공,25초,로컬 디스플레이
2026-08-18 11:05:06,robot_ec2b,Home,목적지 출발 → 목적지 도착,성공,21초,로컬 디스플레이
2026-08-18 11:04:36,robot_ec2b,로비,목적지 출발 → 목적지 도착,성공,25초,로컬 디스플레이
2026-08-18 11:04:10,robot_ec2b,Home,목적지 출발 → 목적지 도착,성공,20초,로컬 디스플레이
2026-08-18 11:03:39,robot_ec2b,로비,목적지 출발 → 목적지 도착,성공,25초,로컬 디스플레이
2026-08-18 11:03:13,robot_ec2b,Home,목적지 출발 → 목적지 도착,성공,20초,로컬 디스플레이
2026-08-18 11:02:47,robot_ec2b,로비,목적지 출발 → 목적지 도착,성공,20초,로컬 디스플레이
2026-08-18 11:02:21,robot_ec2b,Home,목적지 출발 → 목적지 도착,성공,20초,로컬 디스플레이
2026-08-18 11:01:53,robot_ec2b,로비,목적지 출발 → 목적지 도착,성공,23초,로컬 디스플레이
2026-08-18 11:01:27,robot_ec2b,Home,목적지 출발 → 목적지 도착,성공,20초,로컬 디스플레이
2026-08-18 11:00:57,robot_ec2b,로비,목적지 출발 → 목적지 도착,성공,25초,로컬 디스플레이
2026-08-18 11:00:31,robot_ec2b,Home,목적지 출발 → 목적지 도착,성공,20초,로컬 디스플레이
2026-08-18 11:00:02,robot_ec2b,로비,목적지 출발 → 목적지 도착,성공,23초,로컬 디스플레이
2026-08-18 10:59:36,robot_ec2b,Home,목적지 출발 → 목적지 도착,성공,21초,로컬 디스플레이
2026-08-18 10:59:06,robot_ec2b,로비,목적지 출발 → 목적지 도착,성공,25초,로컬 디스플레이
2026-08-18 10:58:40,robot_ec2b,Home,목적지 출발 → 목적지 도착,성공,20초,로컬 디스플레이
2026-08-18 10:58:10,robot_ec2b,로비,목적지 출발 → 목적지 도착,성공,25초,로컬 디스플레이
2026-08-18 10:57:44,robot_ec2b,Home,목적지 출발 → 목적지 도착,성공,20초,로컬 디스플레이
2026-08-18 10:57:13,robot_ec2b,로비,목적지 출발 → 목적지 도착,성공,25초,로컬 디스플레이
2026-08-18 10:56:47,robot_ec2b,Home,목적지 출발 → 목적지 도착,성공,20초,로컬 디스플레이
2026-08-18 10:56:17,robot_ec2b,로비,목적지 출발 → 목적지 도착,성공,24초,로컬 디스플레이
2026-08-18 10:55:51,robot_ec2b,Home,목적지 출발 → 목적지 도착,성공,21초,로컬 디스플레이
2026-08-18 10:55:22,robot_ec2b,로비,목적지 출발 → 목적지 도착,성공,23초,로컬 디스플레이
2026-08-18 10:54:56,robot_ec2b,Home,목적지 출발 → 목적지 도착,성공,20초,로컬 디스플레이
2026-08-18 10:54:26,robot_ec2b,로비,목적지 출발 → 목적지 도착,성공,24초,로컬 디스플레이
2026-08-18 10:53:44,robot_ec2b,Home,목적지 출발 → 목적지 도착,성공,19초,로컬 디스플레이
2026-08-18 15:50:05,robot_ec2b,로비,목적지 출발 → 목적지 도착,성공,20초,로컬 디스플레이
2026-08-18 15:50:31,robot_ec2b,Home,목적지 출발 → 이동 취소,취소,6초,로컬 디스플레이
2026-08-18 15:52:40,robot_ec2b,Home,목적지 출발 → 목적지 도착,성공,17초,로컬 디스플레이
2026-08-18 15:53:03,robot_ec2b,로비,목적지 출발 → 목적지 도착,성공,25초,로컬 디스플레이
2026-08-18 15:53:34,robot_ec2b,Home,목적지 출발 → 목적지 도착,성공,20초,로컬 디스플레이
2026-08-18 15:54:00,robot_ec2b,로비,목적지 출발 → 목적지 도착,성공,20초,로컬 디스플레이
2026-08-18 15:54:26,robot_ec2b,Home,목적지 출발 → 목적지 도착,성공,20초,로컬 디스플레이
2026-08-18 15:54:52,robot_ec2b,로비,목적지 출발 → 목적지 도착,성공,23초,로컬 디스플레이
2026-08-18 15:55:20,robot_ec2b,Home,목적지 출발 → 목적지 도착,성공,21초,로컬 디스플레이
2026-08-18 15:55:46,robot_ec2b,로비,목적지 출발 → 목적지 도착,성공,23초,로컬 디스플레이
2026-08-18 15:56:14,robot_ec2b,Home,목적지 출발 → 목적지 도착,성공,21초,로컬 디스플레이
2026-08-18 15:56:40,robot_ec2b,로비,목적지 출발 → 목적지 도착,성공,25초,로컬 디스플레이
2026-08-18 15:57:10,robot_ec2b,Home,목적지 출발 → 목적지 도착,성공,21초,로컬 디스플레이
2026-08-18 15:57:36,robot_ec2b,로비,목적지 출발 → 목적지 도착,성공,23초,로컬 디스플레이
2026-08-18 15:58:04,robot_ec2b,Home,목적지 출발 → 목적지 도착,성공,20초,로컬 디스플레이
2026-08-18 15:58:30,robot_ec2b,로비,목적지 출발 → 목적지 도착,성공,22초,로컬 디스플레이
2026-08-18 15:58:58,robot_ec2b,Home,목적지 출발 → 목적지 도착,성공,20초,로컬 디스플레이
2026-08-18 15:59:24,robot_ec2b,로비,목적지 출발 → 목적지 도착,성공,22초,로컬 디스플레이
2026-08-18 15:59:51,robot_ec2b,Home,목적지 출발 → 목적지 도착,성공,20초,로컬 디스플레이
2026-08-18 16:00:17,robot_ec2b,로비,목적지 출발 → 목적지 도착,성공,22초,로컬 디스플레이
2026-08-18 16:00:45,robot_ec2b,Home,목적지 출발 → 목적지 도착,성공,20초,로컬 디스플레이
2026-08-18 16:01:11,robot_ec2b,로비,목적지 출발 → 목적지 도착,성공,21초,로컬 디스플레이
2026-08-18 16:01:37,robot_ec2b,Home,목적지 출발 → 목적지 도착,성공,20초,로컬 디스플레이
2026-08-18 16:02:03,robot_ec2b,로비,목적지 출발 → 목적지 도착,성공,21초,로컬 디스플레이
2026-08-18 16:02:29,robot_ec2b,Home,목적지 출발 → 목적지 도착,성공,20초,로컬 디스플레이
2026-08-18 16:02:55,robot_ec2b,로비,목적지 출발 → 목적지 도착,성공,20초,로컬 디스플레이
2026-08-18 16:03:21,robot_ec2b,Home,목적지 출발 → 목적지 도착,성공,20초,로컬 디스플레이
2026-08-18 16:03:47,robot_ec2b,로비,목적지 출발 → 목적지 도착,성공,28초,로컬 디스플레이
2026-08-18 16:04:21,robot_ec2b,Home,목적지 출발 → 목적지 도착,성공,20초,로컬 디스플레이
2026-08-18 16:04:47,robot_ec2b,로비,목적지 출발 → 목적지 도착,성공,23초,로컬 디스플레이
2026-08-18 16:05:16,robot_ec2b,Home,목적지 출발 → 목적지 도착,성공,20초,로컬 디스플레이
2026-08-18 16:05:42,robot_ec2b,로비,목적지 출발 → 목적지 도착,성공,22초,로컬 디스플레이
2026-08-18 16:06:09,robot_ec2b,Home,목적지 출발 → 목적지 도착,성공,21초,로컬 디스플레이
2026-08-18 16:06:35,robot_ec2b,로비,목적지 출발 → 목적지 도착,성공,21초,로컬 디스플레이
2026-08-18 16:07:01,robot_ec2b,Home,목적지 출발 → 목적지 도착,성공,20초,로컬 디스플레이
2026-08-18 16:07:27,robot_ec2b,로비,목적지 출발 → 목적지 도착,성공,22초,로컬 디스플레이
2026-08-18 16:07:54,robot_ec2b,Home,목적지 출발 → 목적지 도착,성공,20초,로컬 디스플레이
2026-08-18 16:08:20,robot_ec2b,로비,목적지 출발 → 목적지 도착,성공,29초,로컬 디스플레이
2026-08-18 16:08:55,robot_ec2b,Home,목적지 출발 → 목적지 도착,성공,21초,로컬 디스플레이
2026-08-18 16:09:21,robot_ec2b,로비,목적지 출발 → 목적지 도착,성공,25초,로컬 디스플레이
2026-08-18 16:09:52,robot_ec2b,Home,목적지 출발 → 목적지 도착,성공,20초,로컬 디스플레이
2026-08-18 16:10:18,robot_ec2b,로비,목적지 출발 → 목적지 도착,성공,24초,로컬 디스플레이
2026-08-18 16:10:48,robot_ec2b,Home,목적지 출발 → 목적지 도착,성공,20초,로컬 디스플레이
2026-08-18 16:11:14,robot_ec2b,로비,목적지 출발 → 목적지 도착,성공,23초,로컬 디스플레이
2026-08-18 16:11:43,robot_ec2b,Home,목적지 출발 → 목적지 도착,성공,20초,로컬 디스플레이
2026-08-18 16:12:08,robot_ec2b,로비,목적지 출발 → 목적지 도착,성공,26초,로컬 디스플레이
2026-08-18 16:12:39,robot_ec2b,Home,목적지 출발 → 목적지 도착,성공,21초,로컬 디스플레이
2026-08-18 16:13:05,robot_ec2b,로비,목적지 출발 → 목적지 도착,성공,27초,로컬 디스플레이
2026-08-18 16:13:37,robot_ec2b,Home,목적지 출발 → 목적지 도착,성공,23초,로컬 디스플레이
2026-08-18 16:14:06,robot_ec2b,로비,목적지 출발 → 목적지 도착,성공,19초,로컬 디스플레이
2026-08-18 16:14:30,robot_ec2b,Home,목적지 출발 → 목적지 도착,성공,20초,로컬 디스플레이
2026-08-18 16:14:56,robot_ec2b,로비,목적지 출발 → 목적지 도착,성공,24초,로컬 디스플레이
2026-08-18 16:15:26,robot_ec2b,Home,목적지 출발 → 목적지 도착,성공,20초,로컬 디스플레이
2026-08-18 16:15:52,robot_ec2b,로비,목적지 출발 → 목적지 도착,성공,24초,로컬 디스플레이
2026-08-18 16:16:22,robot_ec2b,Home,목적지 출발 → 목적지 도착,성공,20초,로컬 디스플레이
2026-08-18 16:16:48,robot_ec2b,로비,목적지 출발 → 목적지 도착,성공,23초,로컬 디스플레이
2026-08-18 16:17:17,robot_ec2b,Home,목적지 출발 → 목적지 도착,성공,21초,로컬 디스플레이
2026-08-18 16:17:43,robot_ec2b,로비,목적지 출발 → 목적지 도착,성공,24초,로컬 디스플레이
2026-08-18 16:18:13,robot_ec2b,Home,목적지 출발 → 목적지 도착,성공,21초,로컬 디스플레이
2026-08-18 16:18:39,robot_ec2b,로비,목적지 출발 → 목적지 도착,성공,23초,로컬 디스플레이
2026-08-18 16:19:08,robot_ec2b,Home,목적지 출발 → 목적지 도착,성공,21초,로컬 디스플레이
2026-08-18 16:19:34,robot_ec2b,로비,목적지 출발 → 목적지 도착,성공,25초,로컬 디스플레이
2026-08-18 16:20:04,robot_ec2b,Home,목적지 출발 → 목적지 도착,성공,20초,로컬 디스플레이
2026-08-18 16:20:30,robot_ec2b,로비,목적지 출발 → 목적지 도착,성공,25초,로컬 디스플레이
2026-08-18 16:21:01,robot_ec2b,Home,목적지 출발 → 목적지 도착,성공,20초,로컬 디스플레이
2026-08-18 16:21:27,robot_ec2b,로비,목적지 출발 → 목적지 도착,성공,26초,로컬 디스플레이
2026-08-18 16:21:59,robot_ec2b,Home,목적지 출발 → 목적지 도착,성공,19초,로컬 디스플레이
2026-08-18 16:22:24,robot_ec2b,로비,목적지 출발 → 목적지 도착,성공,25초,로컬 디스플레이
2026-08-18 16:22:54,robot_ec2b,Home,목적지 출발 → 목적지 도착,성공,20초,로컬 디스플레이
2026-08-18 16:23:20,robot_ec2b,로비,목적지 출발 → 목적지 도착,성공,24초,로컬 디스플레이
2026-08-18 16:23:49,robot_ec2b,Home,목적지 출발 → 목적지 도착,성공,20초,로컬 디스플레이
2026-08-18 16:24:15,robot_ec2b,로비,목적지 출발 → 목적지 도착,성공,24초,로컬 디스플레이
2026-08-18 16:24:45,robot_ec2b,Home,목적지 출발 → 목적지 도착,성공,20초,로컬 디스플레이
2026-08-18 16:25:11,robot_ec2b,로비,목적지 출발 → 목적지 도착,성공,24초,로컬 디스플레이
2026-08-18 16:25:41,robot_ec2b,Home,목적지 출발 → 목적지 도착,성공,20초,로컬 디스플레이
2026-08-18 16:26:07,robot_ec2b,로비,목적지 출발 → 목적지 도착,성공,23초,로컬 디스플레이
2026-08-18 16:26:37,robot_ec2b,Home,목적지 출발 → 목적지 도착,성공,19초,로컬 디스플레이
2026-08-18 16:27:02,robot_ec2b,로비,목적지 출발 → 목적지 도착,성공,24초,로컬 디스플레이
2026-08-18 16:27:31,robot_ec2b,Home,목적지 출발 → 목적지 도착,성공,20초,로컬 디스플레이
2026-08-18 16:27:57,robot_ec2b,로비,목적지 출발 → 목적지 도착,성공,25초,로컬 디스플레이
2026-08-18 16:28:27,robot_ec2b,Home,목적지 출발 → 목적지 도착,성공,21초,로컬 디스플레이
2026-08-18 16:28:53,robot_ec2b,로비,목적지 출발 → 목적지 도착,성공,25초,로컬 디스플레이
2026-08-18 16:29:23,robot_ec2b,Home,목적지 출발 → 목적지 도착,성공,21초,로컬 디스플레이
2026-08-18 16:29:49,robot_ec2b,로비,목적지 출발 → 목적지 도착,성공,24초,로컬 디스플레이
2026-08-18 16:30:18,robot_ec2b,Home,목적지 출발 → 목적지 도착,성공,21초,로컬 디스플레이
2026-08-18 16:30:44,robot_ec2b,로비,목적지 출발 → 목적지 도착,성공,25초,로컬 디스플레이
2026-08-18 16:31:15,robot_ec2b,Home,목적지 출발 → 목적지 도착,성공,20초,로컬 디스플레이
2026-08-18 16:31:41,robot_ec2b,로비,목적지 출발 → 목적지 도착,성공,25초,로컬 디스플레이
2026-08-18 16:32:11,robot_ec2b,Home,목적지 출발 → 목적지 도착,성공,21초,로컬 디스플레이
2026-08-18 16:32:38,robot_ec2b,로비,목적지 출발 → 목적지 도착,성공,24초,로컬 디스플레이
2026-08-18 16:33:08,robot_ec2b,Home,목적지 출발 → 목적지 도착,성공,20초,로컬 디스플레이
2026-08-18 16:33:34,robot_ec2b,로비,목적지 출발 → 목적지 도착,성공,21초,로컬 디스플레이
2026-08-18 16:34:00,robot_ec2b,Home,목적지 출발 → 목적지 도착,성공,20초,로컬 디스플레이
2026-08-18 16:34:26,robot_ec2b,로비,목적지 출발 → 목적지 도착,성공,25초,로컬 디스플레이
2026-08-18 16:34:56,robot_ec2b,Home,목적지 출발 → 목적지 도착,성공,21초,로컬 디스플레이
2026-08-18 16:35:22,robot_ec2b,로비,목적지 출발 → 목적지 도착,성공,27초,로컬 디스플레이
2026-08-18 16:35:54,robot_ec2b,Home,목적지 출발 → 목적지 도착,성공,20초,로컬 디스플레이
2026-08-18 16:36:19,robot_ec2b,로비,목적지 출발 → 목적지 도착,성공,25초,로컬 디스플레이
2026-08-18 16:36:49,robot_ec2b,Home,목적지 출발 → 목적지 도착,성공,20초,로컬 디스플레이
2026-08-18 16:37:15,robot_ec2b,로비,목적지 출발 → 목적지 도착,성공,23초,로컬 디스플레이
2026-08-18 16:37:44,robot_ec2b,Home,목적지 출발 → 목적지 도착,성공,21초,로컬 디스플레이
2026-08-18 16:38:10,robot_ec2b,로비,목적지 출발 → 목적지 도착,성공,26초,로컬 디스플레이
2026-08-18 16:38:42,robot_ec2b,Home,목적지 출발 → 목적지 도착,성공,20초,로컬 디스플레이
2026-08-18 16:39:08,robot_ec2b,로비,목적지 출발 → 목적지 도착,성공,25초,로컬 디스플레이
2026-08-18 16:39:39,robot_ec2b,Home,목적지 출발 → 목적지 도착,성공,20초,로컬 디스플레이
2026-08-18 16:40:05,robot_ec2b,로비,목적지 출발 → 목적지 도착,성공,24초,로컬 디스플레이
2026-08-18 16:40:35,robot_ec2b,Home,목적지 출발 → 목적지 도착,성공,20초,로컬 디스플레이
2026-08-18 16:41:01,robot_ec2b,로비,목적지 출발 → 목적지 도착,성공,23초,로컬 디스플레이
2026-08-18 16:41:30,robot_ec2b,Home,목적지 출발 → 목적지 도착,성공,20초,로컬 디스플레이
2026-08-18 16:41:56,robot_ec2b,로비,목적지 출발 → 목적지 도착,성공,23초,로컬 디스플레이
2026-08-18 16:42:25,robot_ec2b,Home,목적지 출발 → 목적지 도착,성공,21초,로컬 디스플레이
2026-08-18 16:42:51,robot_ec2b,로비,목적지 출발 → 목적지 도착,성공,20초,로컬 디스플레이
2026-08-18 16:43:17,robot_ec2b,Home,목적지 출발 → 목적지 도착,성공,20초,로컬 디스플레이
2026-08-18 16:43:43,robot_ec2b,로비,목적지 출발 → 목적지 도착,성공,22초,로컬 디스플레이
2026-08-18 16:44:11,robot_ec2b,Home,목적지 출발 → 목적지 도착,성공,20초,로컬 디스플레이
2026-08-18 16:44:37,robot_ec2b,로비,목적지 출발 → 목적지 도착,성공,20초,로컬 디스플레이
2026-08-18 16:45:03,robot_ec2b,Home,목적지 출발 → 목적지 도착,성공,21초,로컬 디스플레이
2026-08-18 16:45:30,robot_ec2b,로비,목적지 출발 → 목적지 도착,성공,28초,로컬 디스플레이
2026-08-18 16:46:05,robot_ec2b,Home,목적지 출발 → 목적지 도착,성공,20초,로컬 디스플레이
2026-08-18 16:46:30,robot_ec2b,로비,목적지 출발 → 목적지 도착,성공,22초,로컬 디스플레이
2026-08-18 16:46:57,robot_ec2b,Home,목적지 출발 → 목적지 도착,성공,21초,로컬 디스플레이
2026-08-18 16:47:23,robot_ec2b,로비,목적지 출발 → 목적지 도착,성공,21초,로컬 디스플레이
2026-08-18 16:47:49,robot_ec2b,Home,목적지 출발 → 목적지 도착,성공,21초,로컬 디스플레이
2026-08-18 16:48:15,robot_ec2b,로비,목적지 출발 → 목적지 도착,성공,27초,로컬 디스플레이
2026-08-18 16:48:48,robot_ec2b,Home,목적지 출발 → 목적지 도착,성공,21초,로컬 디스플레이
2026-08-18 16:49:14,robot_ec2b,로비,목적지 출발 → 목적지 도착,성공,24초,로컬 디스플레이
2026-08-18 16:49:43,robot_ec2b,Home,목적지 출발 → 목적지 도착,성공,21초,로컬 디스플레이
2026-08-18 16:50:09,robot_ec2b,로비,목적지 출발 → 목적지 도착,성공,25초,로컬 디스플레이
2026-08-18 16:50:40,robot_ec2b,Home,목적지 출발 → 목적지 도착,성공,20초,로컬 디스플레이
2026-08-18 16:51:06,robot_ec2b,로비,목적지 출발 → 목적지 도착,성공,27초,로컬 디스플레이
2026-08-18 16:51:39,robot_ec2b,Home,목적지 출발 → 목적지 도착,성공,20초,로컬 디스플레이
2026-08-18 16:52:04,robot_ec2b,로비,목적지 출발 → 목적지 도착,성공,25초,로컬 디스플레이
2026-08-18 16:52:34,robot_ec2b,Home,목적지 출발 → 목적지 도착,성공,20초,로컬 디스플레이
2026-08-18 16:53:00,robot_ec2b,로비,목적지 출발 → 목적지 도착,성공,28초,로컬 디스플레이
2026-08-18 16:53:34,robot_ec2b,Home,목적지 출발 → 목적지 도착,성공,20초,로컬 디스플레이
2026-08-18 16:54:00,robot_ec2b,로비,목적지 출발 → 목적지 도착,성공,22초,로컬 디스플레이
2026-08-18 16:54:28,robot_ec2b,Home,목적지 출발 → 목적지 도착,성공,20초,로컬 디스플레이
2026-08-18 16:54:54,robot_ec2b,로비,목적지 출발 → 목적지 도착,성공,25초,로컬 디스플레이
2026-08-18 16:55:25,robot_ec2b,Home,목적지 출발 → 목적지 도착,성공,20초,로컬 디스플레이
2026-08-18 16:55:51,robot_ec2b,로비,목적지 출발 → 목적지 도착,성공,25초,로컬 디스플레이
2026-08-18 16:56:22,robot_ec2b,Home,목적지 출발 → 목적지 도착,성공,20초,로컬 디스플레이
2026-08-18 16:56:48,robot_ec2b,로비,목적지 출발 → 목적지 도착,성공,24초,로컬 디스플레이
2026-08-18 16:57:18,robot_ec2b,Home,목적지 출발 → 목적지 도착,성공,20초,로컬 디스플레이
2026-08-18 16:57:44,robot_ec2b,로비,목적지 출발 → 목적지 도착,성공,24초,로컬 디스플레이
2026-08-18 16:58:14,robot_ec2b,Home,목적지 출발 → 목적지 도착,성공,20초,로컬 디스플레이
2026-08-18 16:58:40,robot_ec2b,로비,목적지 출발 → 목적지 도착,성공,23초,로컬 디스플레이
2026-08-18 16:59:09,robot_ec2b,Home,목적지 출발 → 목적지 도착,성공,20초,로컬 디스플레이
2026-08-18 16:59:35,robot_ec2b,로비,목적지 출발 → 목적지 도착,성공,25초,로컬 디스플레이
2026-08-18 17:00:06,robot_ec2b,Home,목적지 출발 → 목적지 도착,성공,20초,로컬 디스플레이
2026-08-18 17:00:32,robot_ec2b,로비,목적지 출발 → 목적지 도착,성공,27초,로컬 디스플레이
2026-08-18 17:01:05,robot_ec2b,Home,목적지 출발 → 목적지 도착,성공,20초,로컬 디스플레이
2026-08-18 17:01:30,robot_ec2b,로비,목적지 출발 → 목적지 도착,성공,21초,로컬 디스플레이
2026-08-18 17:01:56,robot_ec2b,Home,목적지 출발 → 목적지 도착,성공,21초,로컬 디스플레이
2026-08-18 17:02:23,robot_ec2b,로비,목적지 출발 → 목적지 도착,성공,21초,로컬 디스플레이
2026-08-18 17:02:49,robot_ec2b,Home,목적지 출발 → 목적지 도착,성공,21초,로컬 디스플레이
2026-08-18 17:03:15,robot_ec2b,로비,목적지 출발 → 목적지 도착,성공,23초,로컬 디스플레이
2026-08-18 17:03:44,robot_ec2b,Home,목적지 출발 → 목적지 도착,성공,21초,로컬 디스플레이
2026-08-18 17:04:10,robot_ec2b,로비,목적지 출발 → 목적지 도착,성공,23초,로컬 디스플레이
2026-08-18 17:04:39,robot_ec2b,Home,목적지 출발 → 목적지 도착,성공,20초,로컬 디스플레이
2026-08-18 17:05:05,robot_ec2b,로비,목적지 출발 → 목적지 도착,성공,27초,로컬 디스플레이
2026-08-18 17:05:38,robot_ec2b,Home,목적지 출발 → 목적지 도착,성공,21초,로컬 디스플레이
2026-08-18 17:06:04,robot_ec2b,로비,목적지 출발 → 목적지 도착,성공,23초,로컬 디스플레이
2026-08-18 17:06:33,robot_ec2b,Home,목적지 출발 → 목적지 도착,성공,20초,로컬 디스플레이
2026-08-18 17:06:59,robot_ec2b,로비,목적지 출발 → 목적지 도착,성공,24초,로컬 디스플레이
2026-08-18 17:07:29,robot_ec2b,Home,목적지 출발 → 목적지 도착,성공,20초,로컬 디스플레이
2026-08-18 17:07:55,robot_ec2b,로비,목적지 출발 → 목적지 도착,성공,24초,로컬 디스플레이
2026-08-18 17:08:25,robot_ec2b,Home,목적지 출발 → 목적지 도착,성공,20초,로컬 디스플레이
2026-08-18 17:08:51,robot_ec2b,로비,목적지 출발 → 목적지 도착,성공,24초,로컬 디스플레이
2026-08-18 17:09:21,robot_ec2b,Home,목적지 출발 → 목적지 도착,성공,20초,로컬 디스플레이
2026-08-18 17:09:47,robot_ec2b,로비,목적지 출발 → 목적지 도착,성공,23초,로컬 디스플레이
2026-08-18 17:10:16,robot_ec2b,Home,목적지 출발 → 목적지 도착,성공,20초,로컬 디스플레이
2026-08-18 17:10:42,robot_ec2b,로비,목적지 출발 → 목적지 도착,성공,24초,로컬 디스플레이
2026-08-18 17:11:12,robot_ec2b,Home,목적지 출발 → 목적지 도착,성공,20초,로컬 디스플레이
2026-08-18 17:11:38,robot_ec2b,로비,목적지 출발 → 목적지 도착,성공,37초,로컬 디스플레이
2026-08-18 17:12:21,robot_ec2b,Home,목적지 출발 → 목적지 도착,성공,20초,로컬 디스플레이
2026-08-18 17:12:47,robot_ec2b,로비,목적지 출발 → 목적지 도착,성공,23초,로컬 디스플레이
2026-08-18 17:13:16,robot_ec2b,Home,목적지 출발 → 목적지 도착,성공,21초,로컬 디스플레이
2026-08-18 17:13:43,robot_ec2b,로비,목적지 출발 → 목적지 도착,성공,25초,로컬 디스플레이
2026-08-18 17:14:14,robot_ec2b,Home,목적지 출발 → 목적지 도착,성공,20초,로컬 디스플레이
2026-08-18 17:14:39,robot_ec2b,로비,목적지 출발 → 목적지 도착,성공,26초,로컬 디스플레이
2026-08-18 17:15:10,robot_ec2b,Home,목적지 출발 → 목적지 도착,성공,21초,로컬 디스플레이
2026-08-18 17:15:36,robot_ec2b,로비,목적지 출발 → 목적지 도착,성공,24초,로컬 디스플레이
2026-08-18 17:16:05,robot_ec2b,Home,목적지 출발 → 목적지 도착,성공,21초,로컬 디스플레이
2026-08-18 17:16:32,robot_ec2b,로비,목적지 출발 → 목적지 도착,성공,23초,로컬 디스플레이
2026-08-18 17:17:00,robot_ec2b,Home,목적지 출발 → 목적지 도착,성공,20초,로컬 디스플레이
2026-08-18 17:17:26,robot_ec2b,로비,목적지 출발 → 목적지 도착,성공,20초,로컬 디스플레이
2026-08-18 17:17:52,robot_ec2b,Home,목적지 출발 → 목적지 도착,성공,21초,로컬 디스플레이
2026-08-18 17:18:18,robot_ec2b,로비,목적지 출발 → 목적지 도착,성공,27초,로컬 디스플레이
2026-08-18 17:18:51,robot_ec2b,Home,목적지 출발 → 목적지 도착,성공,21초,로컬 디스플레이
2026-08-18 17:19:17,robot_ec2b,로비,목적지 출발 → 목적지 도착,성공,25초,로컬 디스플레이
2026-08-18 17:19:48,robot_ec2b,Home,목적지 출발 → 목적지 도착,성공,20초,로컬 디스플레이
2026-08-18 17:20:14,robot_ec2b,로비,목적지 출발 → 목적지 도착,성공,25초,로컬 디스플레이
2026-08-18 17:20:45,robot_ec2b,Home,목적지 출발 → 목적지 도착,성공,20초,로컬 디스플레이
2026-08-18 17:21:11,robot_ec2b,로비,목적지 출발 → 목적지 도착,성공,28초,로컬 디스플레이
2026-08-18 17:21:45,robot_ec2b,Home,목적지 출발 → 목적지 도착,성공,21초,로컬 디스플레이
2026-08-18 17:22:12,robot_ec2b,로비,목적지 출발 → 목적지 도착,성공,28초,로컬 디스플레이
2026-08-18 17:22:46,robot_ec2b,Home,목적지 출발 → 목적지 도착,성공,20초,로컬 디스플레이
2026-08-18 17:23:12,robot_ec2b,로비,목적지 출발 → 목적지 도착,성공,24초,로컬 디스플레이
2026-08-18 17:23:42,robot_ec2b,Home,목적지 출발 → 목적지 도착,성공,20초,로컬 디스플레이
2026-08-18 17:24:08,robot_ec2b,로비,목적지 출발 → 목적지 도착,성공,22초,로컬 디스플레이
2026-08-18 17:24:36,robot_ec2b,Home,목적지 출발 → 목적지 도착,성공,20초,로컬 디스플레이
2026-08-18 17:25:02,robot_ec2b,로비,목적지 출발 → 목적지 도착,성공,22초,로컬 디스플레이
2026-08-18 17:25:30,robot_ec2b,Home,목적지 출발 → 목적지 도착,성공,20초,로컬 디스플레이
2026-08-18 17:25:56,robot_ec2b,로비,목적지 출발 → 목적지 도착,성공,25초,로컬 디스플레이
2026-08-18 17:26:27,robot_ec2b,Home,목적지 출발 → 목적지 도착,성공,20초,로컬 디스플레이
2026-08-18 17:26:53,robot_ec2b,로비,목적지 출발 → 목적지 도착,성공,26초,로컬 디스플레이
2026-08-18 17:27:25,robot_ec2b,Home,목적지 출발 → 목적지 도착,성공,20초,로컬 디스플레이
2026-08-18 17:27:51,robot_ec2b,로비,목적지 출발 → 목적지 도착,성공,24초,로컬 디스플레이
2026-08-18 17:28:21,robot_ec2b,Home,목적지 출발 → 목적지 도착,성공,20초,로컬 디스플레이
2026-08-18 17:28:47,robot_ec2b,로비,목적지 출발 → 목적지 도착,성공,24초,로컬 디스플레이
2026-08-18 17:29:16,robot_ec2b,Home,목적지 출발 → 목적지 도착,성공,21초,로컬 디스플레이
2026-08-18 17:29:42,robot_ec2b,로비,목적지 출발 → 목적지 도착,성공,25초,로컬 디스플레이
2026-08-18 17:30:12,robot_ec2b,Home,목적지 출발 → 목적지 도착,성공,21초,로컬 디스플레이
2026-08-18 17:30:38,robot_ec2b,로비,목적지 출발 → 목적지 도착,성공,27초,로컬 디스플레이
2026-08-18 17:31:10,robot_ec2b,Home,목적지 출발 → 목적지 도착,성공,21초,로컬 디스플레이
2026-08-18 17:31:36,robot_ec2b,로비,목적지 출발 → 목적지 도착,성공,30초,로컬 디스플레이
2026-08-18 17:32:11,robot_ec2b,Home,목적지 출발 → 목적지 도착,성공,21초,로컬 디스플레이
2026-08-18 17:32:37,robot_ec2b,로비,목적지 출발 → 목적지 도착,성공,21초,로컬 디스플레이
2026-08-18 17:33:03,robot_ec2b,Home,목적지 출발 → 목적지 도착,성공,21초,로컬 디스플레이
2026-08-18 17:33:29,robot_ec2b,로비,목적지 출발 → 목적지 도착,성공,21초,로컬 디스플레이
2026-08-18 17:33:55,robot_ec2b,Home,목적지 출발 → 목적지 도착,성공,21초,로컬 디스플레이
2026-08-18 17:34:22,robot_ec2b,로비,목적지 출발 → 목적지 도착,성공,28초,로컬 디스플레이
2026-08-18 17:34:56,robot_ec2b,Home,목적지 출발 → 목적지 도착,성공,20초,로컬 디스플레이
2026-08-18 17:35:22,robot_ec2b,로비,목적지 출발 → 목적지 도착,성공,21초,로컬 디스플레이
2026-08-18 17:35:48,robot_ec2b,Home,목적지 출발 → 목적지 도착,성공,21초,로컬 디스플레이
2026-08-18 17:36:15,robot_ec2b,로비,목적지 출발 → 목적지 도착,성공,25초,로컬 디스플레이
2026-08-18 17:36:46,robot_ec2b,Home,목적지 출발 → 목적지 도착,성공,20초,로컬 디스플레이
2026-08-18 17:37:12,robot_ec2b,로비,목적지 출발 → 목적지 도착,성공,22초,로컬 디스플레이
2026-08-18 17:37:40,robot_ec2b,Home,목적지 출발 → 목적지 도착,성공,20초,로컬 디스플레이
2026-08-18 17:38:06,robot_ec2b,로비,목적지 출발 → 목적지 도착,성공,27초,로컬 디스플레이
2026-08-18 17:38:39,robot_ec2b,Home,목적지 출발 → 목적지 도착,성공,20초,로컬 디스플레이
2026-08-18 17:39:05,robot_ec2b,로비,목적지 출발 → 목적지 도착,성공,24초,로컬 디스플레이
2026-08-18 17:39:35,robot_ec2b,Home,목적지 출발 → 목적지 도착,성공,20초,로컬 디스플레이
2026-08-18 17:40:01,robot_ec2b,로비,목적지 출발 → 목적지 도착,성공,25초,로컬 디스플레이
2026-08-18 17:40:32,robot_ec2b,Home,목적지 출발 → 목적지 도착,성공,20초,로컬 디스플레이
2026-08-18 17:40:58,robot_ec2b,로비,목적지 출발 → 목적지 도착,성공,24초,로컬 디스플레이
2026-08-18 17:41:28,robot_ec2b,Home,목적지 출발 → 목적지 도착,성공,20초,로컬 디스플레이
2026-08-18 17:41:54,robot_ec2b,로비,목적지 출발 → 목적지 도착,성공,28초,로컬 디스플레이
2026-08-18 17:42:28,robot_ec2b,Home,목적지 출발 → 목적지 도착,성공,20초,로컬 디스플레이
2026-08-18 17:42:54,robot_ec2b,로비,목적지 출발 → 목적지 도착,성공,21초,로컬 디스플레이
2026-08-18 17:43:21,robot_ec2b,Home,목적지 출발 → 목적지 도착,성공,21초,로컬 디스플레이
2026-08-18 17:43:48,robot_ec2b,로비,목적지 출발 → 목적지 도착,성공,27초,로컬 디스플레이
2026-08-18 17:44:21,robot_ec2b,Home,목적지 출발 → 목적지 도착,성공,20초,로컬 디스플레이
2026-08-18 17:44:47,robot_ec2b,로비,목적지 출발 → 목적지 도착,성공,21초,로컬 디스플레이
2026-08-18 17:45:14,robot_ec2b,Home,목적지 출발 → 목적지 도착,성공,21초,로컬 디스플레이
2026-08-18 17:45:40,robot_ec2b,로비,목적지 출발 → 목적지 도착,성공,28초,로컬 디스플레이
2026-08-18 17:46:13,robot_ec2b,Home,목적지 출발 → 목적지 도착,성공,21초,로컬 디스플레이
2026-08-18 17:46:40,robot_ec2b,로비,목적지 출발 → 목적지 도착,성공,26초,로컬 디스플레이
2026-08-18 17:47:11,robot_ec2b,Home,목적지 출발 → 목적지 도착,성공,21초,로컬 디스플레이
2026-08-18 17:47:37,robot_ec2b,로비,목적지 출발 → 목적지 도착,성공,26초,로컬 디스플레이
2026-08-18 17:48:08,robot_ec2b,Home,목적지 출발 → 목적지 도착,성공,21초,로컬 디스플레이
2026-08-18 17:48:34,robot_ec2b,로비,목적지 출발 → 목적지 도착,성공,28초,로컬 디스플레이
2026-08-18 17:49:07,robot_ec2b,Home,목적지 출발 → 목적지 도착,성공,21초,로컬 디스플레이
2026-08-18 17:49:33,robot_ec2b,로비,목적지 출발 → 목적지 도착,성공,25초,로컬 디스플레이
2026-08-18 17:50:04,robot_ec2b,Home,목적지 출발 → 목적지 도착,성공,20초,로컬 디스플레이
2026-08-18 17:50:30,robot_ec2b,로비,목적지 출발 → 목적지 도착,성공,25초,로컬 디스플레이
2026-08-18 17:51:01,robot_ec2b,Home,목적지 출발 → 목적지 도착,성공,21초,로컬 디스플레이
2026-08-18 17:51:28,robot_ec2b,로비,목적지 출발 → 목적지 도착,성공,21초,로컬 디스플레이
2026-08-18 17:51:55,robot_ec2b,Home,목적지 출발 → 목적지 도착,성공,21초,로컬 디스플레이
2026-08-18 17:52:21,robot_ec2b,로비,목적지 출발 → 목적지 도착,성공,24초,로컬 디스플레이
2026-08-18 17:52:51,robot_ec2b,Home,목적지 출발 → 목적지 도착,성공,20초,로컬 디스플레이
2026-08-18 17:53:17,robot_ec2b,로비,목적지 출발 → 목적지 도착,성공,24초,로컬 디스플레이
2026-08-18 17:53:46,robot_ec2b,Home,목적지 출발 → 목적지 도착,성공,20초,로컬 디스플레이
2026-08-18 17:54:12,robot_ec2b,로비,목적지 출발 → 목적지 도착,성공,25초,로컬 디스플레이
2026-08-18 17:54:43,robot_ec2b,Home,목적지 출발 → 목적지 도착,성공,21초,로컬 디스플레이
2026-08-18 17:55:09,robot_ec2b,로비,목적지 출발 → 목적지 도착,성공,25초,로컬 디스플레이
2026-08-18 17:55:39,robot_ec2b,Home,목적지 출발 → 목적지 도착,성공,20초,로컬 디스플레이
2026-08-18 17:56:05,robot_ec2b,로비,목적지 출발 → 목적지 도착,성공,20초,로컬 디스플레이
2026-08-18 17:56:31,robot_ec2b,Home,목적지 출발 → 목적지 도착,성공,20초,로컬 디스플레이
2026-08-18 17:56:57,robot_ec2b,로비,목적지 출발 → 목적지 도착,성공,23초,로컬 디스플레이
2026-08-18 17:57:26,robot_ec2b,Home,목적지 출발 → 목적지 도착,성공,20초,로컬 디스플레이
2026-08-18 17:57:52,robot_ec2b,로비,목적지 출발 → 목적지 도착,성공,24초,로컬 디스플레이
2026-08-18 17:58:22,robot_ec2b,Home,목적지 출발 → 목적지 도착,성공,20초,로컬 디스플레이
2026-08-18 17:58:48,robot_ec2b,로비,목적지 출발 → 목적지 도착,성공,26초,로컬 디스플레이
2026-08-18 17:59:20,robot_ec2b,Home,목적지 출발 → 목적지 도착,성공,20초,로컬 디스플레이
2026-08-18 17:59:46,robot_ec2b,로비,목적지 출발 → 목적지 도착,성공,22초,로컬 디스플레이
2026-08-18 18:00:14,robot_ec2b,Home,목적지 출발 → 목적지 도착,성공,20초,로컬 디스플레이
2026-08-18 18:00:40,robot_ec2b,로비,목적지 출발 → 목적지 도착,성공,23초,로컬 디스플레이
2026-08-18 18:01:09,robot_ec2b,Home,목적지 출발 → 목적지 도착,성공,20초,로컬 디스플레이
2026-08-18 18:01:35,robot_ec2b,로비,목적지 출발 → 목적지 도착,성공,25초,로컬 디스플레이
2026-08-18 18:02:06,robot_ec2b,Home,목적지 출발 → 목적지 도착,성공,20초,로컬 디스플레이
2026-08-18 18:02:32,robot_ec2b,로비,목적지 출발 → 목적지 도착,성공,21초,로컬 디스플레이
2026-08-18 18:02:59,robot_ec2b,Home,목적지 출발 → 목적지 도착,성공,20초,로컬 디스플레이
2026-08-18 18:03:24,robot_ec2b,로비,목적지 출발 → 목적지 도착,성공,23초,로컬 디스플레이
2026-08-18 18:03:53,robot_ec2b,Home,목적지 출발 → 목적지 도착,성공,20초,로컬 디스플레이
2026-08-18 18:04:18,robot_ec2b,로비,목적지 출발 → 목적지 도착,성공,25초,로컬 디스플레이
2026-08-18 18:04:48,robot_ec2b,Home,목적지 출발 → 목적지 도착,성공,21초,로컬 디스플레이
2026-08-18 18:05:14,robot_ec2b,로비,목적지 출발 → 목적지 도착,성공,23초,로컬 디스플레이
2026-08-18 18:05:42,robot_ec2b,Home,목적지 출발 → 목적지 도착,성공,20초,로컬 디스플레이
2026-08-18 18:06:08,robot_ec2b,로비,목적지 출발 → 목적지 도착,성공,22초,로컬 디스플레이
2026-08-18 18:06:35,robot_ec2b,Home,목적지 출발 → 목적지 도착,성공,21초,로컬 디스플레이
2026-08-18 18:07:01,robot_ec2b,로비,목적지 출발 → 목적지 도착,성공,21초,로컬 디스플레이
2026-08-18 18:07:27,robot_ec2b,Home,목적지 출발 → 목적지 도착,성공,21초,로컬 디스플레이
2026-08-18 18:07:53,robot_ec2b,로비,목적지 출발 → 목적지 도착,성공,22초,로컬 디스플레이
2026-08-18 18:08:20,robot_ec2b,Home,목적지 출발 → 목적지 도착,성공,21초,로컬 디스플레이
2026-08-18 18:08:47,robot_ec2b,로비,목적지 출발 → 목적지 도착,성공,28초,로컬 디스플레이
2026-08-18 18:09:20,robot_ec2b,Home,목적지 출발 → 목적지 도착,성공,21초,로컬 디스플레이
2026-08-18 18:09:46,robot_ec2b,로비,목적지 출발 → 목적지 도착,성공,28초,로컬 디스플레이
2026-08-18 18:10:19,robot_ec2b,Home,목적지 출발 → 목적지 도착,성공,21초,로컬 디스플레이
2026-08-18 18:10:45,robot_ec2b,로비,목적지 출발 → 목적지 도착,성공,25초,로컬 디스플레이
2026-08-18 18:11:15,robot_ec2b,Home,목적지 출발 → 목적지 도착,성공,21초,로컬 디스플레이
2026-08-18 18:11:41,robot_ec2b,로비,목적지 출발 → 목적지 도착,성공,25초,로컬 디스플레이
2026-08-18 18:12:12,robot_ec2b,Home,목적지 출발 → 목적지 도착,성공,21초,로컬 디스플레이
2026-08-18 18:12:38,robot_ec2b,로비,목적지 출발 → 목적지 도착,성공,22초,로컬 디스플레이
2026-08-18 18:13:06,robot_ec2b,Home,목적지 출발 → 목적지 도착,성공,21초,로컬 디스플레이
2026-08-18 18:13:33,robot_ec2b,로비,목적지 출발 → 목적지 도착,성공,28초,로컬 디스플레이
2026-08-18 18:14:07,robot_ec2b,Home,목적지 출발 → 목적지 도착,성공,20초,로컬 디스플레이
2026-08-18 18:14:33,robot_ec2b,로비,목적지 출발 → 목적지 도착,성공,24초,로컬 디스플레이
2026-08-18 18:15:03,robot_ec2b,Home,목적지 출발 → 목적지 도착,성공,20초,로컬 디스플레이
2026-08-18 18:15:29,robot_ec2b,로비,목적지 출발 → 목적지 도착,성공,22초,로컬 디스플레이
2026-08-18 18:15:57,robot_ec2b,Home,목적지 출발 → 목적지 도착,성공,20초,로컬 디스플레이
2026-08-18 18:16:23,robot_ec2b,로비,목적지 출발 → 목적지 도착,성공,25초,로컬 디스플레이
2026-08-18 18:16:54,robot_ec2b,Home,목적지 출발 → 목적지 도착,성공,20초,로컬 디스플레이
2026-08-18 18:17:20,robot_ec2b,로비,목적지 출발 → 목적지 도착,성공,23초,로컬 디스플레이
2026-08-18 18:17:49,robot_ec2b,Home,목적지 출발 → 목적지 도착,성공,21초,로컬 디스플레이
2026-08-18 18:18:16,robot_ec2b,로비,목적지 출발 → 목적지 도착,성공,25초,로컬 디스플레이
2026-08-18 18:18:47,robot_ec2b,Home,목적지 출발 → 목적지 도착,성공,20초,로컬 디스플레이
2026-08-18 18:19:13,robot_ec2b,로비,목적지 출발 → 목적지 도착,성공,24초,로컬 디스플레이
2026-08-18 18:19:43,robot_ec2b,Home,목적지 출발 → 목적지 도착,성공,21초,로컬 디스플레이
2026-08-18 18:20:10,robot_ec2b,로비,목적지 출발 → 목적지 도착,성공,21초,로컬 디스플레이
2026-08-18 18:20:37,robot_ec2b,Home,목적지 출발 → 목적지 도착,성공,20초,로컬 디스플레이
2026-08-18 18:21:02,robot_ec2b,로비,목적지 출발 → 목적지 도착,성공,25초,로컬 디스플레이
2026-08-18 18:21:32,robot_ec2b,Home,목적지 출발 → 목적지 도착,성공,20초,로컬 디스플레이
2026-08-18 18:21:58,robot_ec2b,로비,목적지 출발 → 목적지 도착,성공,26초,로컬 디스플레이
2026-08-18 18:22:30,robot_ec2b,Home,목적지 출발 → 목적지 도착,성공,21초,로컬 디스플레이
2026-08-18 18:22:57,robot_ec2b,로비,목적지 출발 → 목적지 도착,성공,24초,로컬 디스플레이
2026-08-18 18:23:26,robot_ec2b,Home,목적지 출발 → 목적지 도착,성공,21초,로컬 디스플레이
2026-08-18 18:23:53,robot_ec2b,로비,목적지 출발 → 목적지 도착,성공,22초,로컬 디스플레이
2026-08-18 18:24:21,robot_ec2b,Home,목적지 출발 → 목적지 도착,성공,20초,로컬 디스플레이
2026-08-18 18:24:47,robot_ec2b,로비,목적지 출발 → 목적지 도착,성공,26초,로컬 디스플레이
2026-08-18 18:25:19,robot_ec2b,Home,목적지 출발 → 목적지 도착,성공,20초,로컬 디스플레이
2026-08-18 18:25:45,robot_ec2b,로비,목적지 출발 → 목적지 도착,성공,22초,로컬 디스플레이
2026-08-18 18:26:13,robot_ec2b,Home,목적지 출발 → 목적지 도착,성공,20초,로컬 디스플레이
2026-08-18 18:26:39,robot_ec2b,로비,목적지 출발 → 목적지 도착,성공,27초,로컬 디스플레이
2026-08-18 18:27:12,robot_ec2b,Home,목적지 출발 → 목적지 도착,성공,20초,로컬 디스플레이
2026-08-18 18:27:38,robot_ec2b,로비,목적지 출발 → 목적지 도착,성공,28초,로컬 디스플레이
2026-08-18 18:28:12,robot_ec2b,Home,목적지 출발 → 목적지 도착,성공,20초,로컬 디스플레이
2026-08-18 18:28:38,robot_ec2b,로비,목적지 출발 → 목적지 도착,성공,27초,로컬 디스플레이
2026-08-18 18:29:11,robot_ec2b,Home,목적지 출발 → 목적지 도착,성공,21초,로컬 디스플레이
2026-08-18 18:29:38,robot_ec2b,로비,목적지 출발 → 목적지 도착,성공,26초,로컬 디스플레이
2026-08-18 18:30:10,robot_ec2b,Home,목적지 출발 → 목적지 도착,성공,20초,로컬 디스플레이
2026-08-18 18:30:36,robot_ec2b,로비,목적지 출발 → 목적지 도착,성공,24초,로컬 디스플레이
2026-08-18 18:31:07,robot_ec2b,Home,목적지 출발 → 목적지 도착,성공,20초,로컬 디스플레이
2026-08-18 18:31:34,robot_ec2b,로비,목적지 출발 → 목적지 도착,성공,25초,로컬 디스플레이
2026-08-18 18:32:04,robot_ec2b,Home,목적지 출발 → 목적지 도착,성공,21초,로컬 디스플레이
2026-08-18 18:32:30,robot_ec2b,로비,목적지 출발 → 목적지 도착,성공,30초,로컬 디스플레이
2026-08-18 18:33:05,robot_ec2b,Home,목적지 출발 → 목적지 도착,성공,21초,로컬 디스플레이
2026-08-18 18:33:31,robot_ec2b,로비,목적지 출발 → 목적지 도착,성공,25초,로컬 디스플레이
2026-08-18 18:34:01,robot_ec2b,Home,목적지 출발 → 목적지 도착,성공,21초,로컬 디스플레이
2026-08-18 18:34:27,robot_ec2b,로비,목적지 출발 → 목적지 도착,성공,24초,로컬 디스플레이
2026-08-18 18:34:56,robot_ec2b,Home,목적지 출발 → 목적지 도착,성공,21초,로컬 디스플레이
2026-08-18 18:35:22,robot_ec2b,로비,목적지 출발 → 목적지 도착,성공,24초,로컬 디스플레이
